X;Draft;Area
-6.50;0.0;0.00
-6.50;0.25;0.00
-6.50;0.5;0.00
-6.50;0.75;0.00
-6.50;1.0;0.00
-6.50;1.5;0.00
-6.50;2.0;0.00
-6.50;2.5;0.00
-6.50;3.0;0.00
-6.50;3.5;0.00
-6.50;4.0;0.00
-6.50;4.5;0.00
-6.50;5.0;0.00
-6.50;5.5;0.00
-6.50;6.0;0.00
-6.50;6.5;0.00
-6.50;7.0;0.00
-6.50;7.5;0.00
-6.50;8.0;0.00
-6.50;8.5;0.00
-6.50;9.0;0.00
-6.50;9.5;0.00
-6.50;10.0;0.00
-6.50;10.5;0.00
-6.50;11.0;0.00
-6.50;11.5;0.00
-6.50;12.0;0.00
-6.50;12.5;0.00
-6.50;13.0;0.00
-6.50;13.5;0.00
-6.50;14.0;0.00
-6.50;14.5;0.00
-6.50;15.0;0.00
-6.50;15.5;4.50
-6.50;16.0;17.35
-6.50;16.5;34.39
-6.50;17.0;54.28
-6.50;17.5;76.00
-6.50;18.0;99.07
-6.50;18.5;123.22
-6.50;19.0;148.19
-6.50;19.5;173.80
-6.50;20.0;199.87
-6.50;20.5;226.28
-6.50;21.0;252.92
-6.50;21.5;279.68
-6.50;22.0;306.49
-6.50;22.5;333.32
-6.50;23.0;353.97
-6.50;23.5;356.91
-3.25;0.0;0.00
-3.25;0.25;0.00
-3.25;0.5;0.00
-3.25;0.75;0.07
-3.25;1.0;0.23
-3.25;1.5;0.55
-3.25;2.0;0.88
-3.25;2.5;1.23
-3.25;3.0;1.59
-3.25;3.5;1.96
-3.25;4.0;2.34
-3.25;4.5;2.74
-3.25;5.0;3.15
-3.25;5.5;3.57
-3.25;6.0;4.01
-3.25;6.5;4.46
-3.25;7.0;4.92
-3.25;7.5;5.39
-3.25;8.0;5.87
-3.25;8.5;6.37
-3.25;9.0;6.87
-3.25;9.5;7.39
-3.25;10.0;7.91
-3.25;10.5;8.45
-3.25;11.0;9.03
-3.25;11.5;9.69
-3.25;12.0;10.42
-3.25;12.5;11.22
-3.25;13.0;12.08
-3.25;13.5;13.01
-3.25;14.0;14.01
-3.25;14.5;14.97
-3.25;15.0;18.94
-3.25;15.5;31.44
-3.25;16.0;48.22
-3.25;16.5;67.96
-3.25;17.0;89.74
-3.25;17.5;112.89
-3.25;18.0;137.07
-3.25;18.5;162.05
-3.25;19.0;187.67
-3.25;19.5;213.75
-3.25;20.0;240.18
-3.25;20.5;266.84
-3.25;21.0;293.63
-3.25;21.5;320.45
-3.25;22.0;347.27
-3.25;22.5;374.09
-3.25;23.0;395.64
-3.25;23.5;399.51
0.00;0.0;0.00
0.00;0.25;0.00
0.00;0.5;0.00
0.00;0.75;0.19
0.00;1.0;0.59
0.00;1.5;1.38
0.00;2.0;2.20
0.00;2.5;3.02
0.00;3.0;3.86
0.00;3.5;4.68
0.00;4.0;5.52
0.00;4.5;6.36
0.00;5.0;7.22
0.00;5.5;8.10
0.00;6.0;8.99
0.00;6.5;9.89
0.00;7.0;10.82
0.00;7.5;11.76
0.00;8.0;12.72
0.00;8.5;13.69
0.00;9.0;14.69
0.00;9.5;15.70
0.00;10.0;16.72
0.00;10.5;17.77
0.00;11.0;18.86
0.00;11.5;20.05
0.00;12.0;21.34
0.00;12.5;22.71
0.00;13.0;24.18
0.00;13.5;25.73
0.00;14.0;27.25
0.00;14.5;32.26
0.00;15.0;44.68
0.00;15.5;61.39
0.00;16.0;80.95
0.00;16.5;102.61
0.00;17.0;125.77
0.00;17.5;149.98
0.00;18.0;174.97
0.00;18.5;200.57
0.00;19.0;226.63
0.00;19.5;253.03
0.00;20.0;279.68
0.00;20.5;306.46
0.00;21.0;333.28
0.00;21.5;360.10
0.00;22.0;386.92
0.00;22.5;413.75
0.00;23.0;436.14
0.00;23.5;441.08
9.46;0.0;0.00
9.46;0.25;0.00
9.46;0.5;0.00
9.46;0.75;0.00
9.46;1.0;0.00
9.46;1.5;0.00
9.46;2.0;0.00
9.46;2.5;0.00
9.46;3.0;0.00
9.46;3.5;0.09
9.46;4.0;0.25
9.46;4.5;1.11
9.46;5.0;2.13
9.46;5.5;2.98
9.46;6.0;3.21
9.46;6.5;3.20
9.46;7.0;3.20
9.46;7.5;3.20
9.46;8.0;3.20
9.46;8.5;3.20
9.46;9.0;3.20
9.46;9.5;3.20
9.46;10.0;3.20
9.46;10.5;3.20
9.46;11.0;3.20
9.46;11.5;3.20
9.46;12.0;3.18
9.46;12.5;2.95
9.46;13.0;5.96
9.46;13.5;17.01
9.46;14.0;32.53
9.46;14.5;51.19
9.46;15.0;72.17
9.46;15.5;94.82
9.46;16.0;118.69
9.46;16.5;143.45
9.46;17.0;168.88
9.46;17.5;194.81
9.46;18.0;221.11
9.46;18.5;247.67
9.46;19.0;274.39
9.46;19.5;301.19
9.46;20.0;328.02
9.46;20.5;354.84
9.46;21.0;381.66
9.46;21.5;408.49
9.46;22.0;435.31
9.46;22.5;462.13
9.46;23.0;488.95
9.46;23.5;515.78
18.92;0.0;0.00
18.92;0.25;0.33
18.92;0.5;0.88
18.92;0.75;1.58
18.92;1.0;2.39
18.92;1.5;4.29
18.92;2.0;6.47
18.92;2.5;8.84
18.92;3.0;11.33
18.92;3.5;13.85
18.92;4.0;16.34
18.92;4.5;18.73
18.92;5.0;20.96
18.92;5.5;22.98
18.92;6.0;24.77
18.92;6.5;26.34
18.92;7.0;27.72
18.92;7.5;28.99
18.92;8.0;30.21
18.92;8.5;31.45
18.92;9.0;32.78
18.92;9.5;34.29
18.92;10.0;36.13
18.92;10.5;38.56
18.92;11.0;42.14
18.92;11.5;48.03
18.92;12.0;58.16
18.92;12.5;72.97
18.92;13.0;90.84
18.92;13.5;111.04
18.92;14.0;133.09
18.92;14.5;156.51
18.92;15.0;180.94
18.92;15.5;206.10
18.92;16.0;231.82
18.92;16.5;257.94
18.92;17.0;284.35
18.92;17.5;310.97
18.92;18.0;337.73
18.92;18.5;364.54
18.92;19.0;391.37
18.92;19.5;418.19
18.92;20.0;445.01
18.92;20.5;471.84
18.92;21.0;498.66
18.92;21.5;525.48
18.92;22.0;552.30
18.92;22.5;579.13
18.92;23.0;605.95
18.92;23.5;632.77
28.38;0.0;0.03
28.38;0.25;0.76
28.38;0.5;1.85
28.38;0.75;3.17
28.38;1.0;4.65
28.38;1.5;8.01
28.38;2.0;11.73
28.38;2.5;15.71
28.38;3.0;19.86
28.38;3.5;24.08
28.38;4.0;28.34
28.38;4.5;32.57
28.38;5.0;36.75
28.38;5.5;40.88
28.38;6.0;44.97
28.38;6.5;49.05
28.38;7.0;53.18
28.38;7.5;57.45
28.38;8.0;61.97
28.38;8.5;66.92
28.38;9.0;72.54
28.38;9.5;79.22
28.38;10.0;87.66
28.38;10.5;98.82
28.38;11.0;113.15
28.38;11.5;130.51
28.38;12.0;150.20
28.38;12.5;171.68
28.38;13.0;194.56
28.38;13.5;218.52
28.38;14.0;243.31
28.38;14.5;268.74
28.38;15.0;294.65
28.38;15.5;320.92
28.38;16.0;347.45
28.38;16.5;374.14
28.38;17.0;400.93
28.38;17.5;427.75
28.38;18.0;454.58
28.38;18.5;481.40
28.38;19.0;508.22
28.38;19.5;535.05
28.38;20.0;561.87
28.38;20.5;588.69
28.38;21.0;615.51
28.38;21.5;642.34
28.38;22.0;669.16
28.38;22.5;695.98
28.38;23.0;722.81
28.38;23.5;749.63
37.84;0.0;0.07
37.84;0.25;1.39
37.84;0.5;3.14
37.84;0.75;5.15
37.84;1.0;7.36
37.84;1.5;12.19
37.84;2.0;17.45
37.84;2.5;23.05
37.84;3.0;28.92
37.84;3.5;35.02
37.84;4.0;41.32
37.84;4.5;47.81
37.84;5.0;54.49
37.84;5.5;61.38
37.84;6.0;68.52
37.84;6.5;76.01
37.84;7.0;83.96
37.84;7.5;92.55
37.84;8.0;102.02
37.84;8.5;112.69
37.84;9.0;125.05
37.84;9.5;139.56
37.84;10.0;156.38
37.84;10.5;175.40
37.84;11.0;196.29
37.84;11.5;218.68
37.84;12.0;242.23
37.84;12.5;266.67
37.84;13.0;291.80
37.84;13.5;317.45
37.84;14.0;343.51
37.84;14.5;369.88
37.84;15.0;396.46
37.84;15.5;423.18
37.84;16.0;449.98
37.84;16.5;476.80
37.84;17.0;503.62
37.84;17.5;530.44
37.84;18.0;557.27
37.84;18.5;584.09
37.84;19.0;610.91
37.84;19.5;637.74
37.84;20.0;664.56
37.84;20.5;691.38
37.84;21.0;718.21
37.84;21.5;745.03
37.84;22.0;771.85
37.84;22.5;798.67
37.84;23.0;825.50
37.84;23.5;852.32
47.30;0.0;0.12
47.30;0.25;2.05
47.30;0.5;4.47
47.30;0.75;7.19
47.30;1.0;10.14
47.30;1.5;16.58
47.30;2.0;23.58
47.30;2.5;31.05
47.30;3.0;38.94
47.30;3.5;47.22
47.30;4.0;55.92
47.30;4.5;65.06
47.30;5.0;74.72
47.30;5.5;84.96
47.30;6.0;95.90
47.30;6.5;107.64
47.30;7.0;120.37
47.30;7.5;134.29
47.30;8.0;149.63
47.30;8.5;166.61
47.30;9.0;185.32
47.30;9.5;205.68
47.30;10.0;227.50
47.30;10.5;250.56
47.30;11.0;274.59
47.30;11.5;299.36
47.30;12.0;324.71
47.30;12.5;350.51
47.30;13.0;376.67
47.30;13.5;403.10
47.30;14.0;429.71
47.30;14.5;456.44
47.30;15.0;483.24
47.30;15.5;510.07
47.30;16.0;536.89
47.30;16.5;563.71
47.30;17.0;590.54
47.30;17.5;617.36
47.30;18.0;644.18
47.30;18.5;671.00
47.30;19.0;697.83
47.30;19.5;724.65
47.30;20.0;751.47
47.30;20.5;778.30
47.30;21.0;805.12
47.30;21.5;831.94
47.30;22.0;858.77
47.30;22.5;885.59
47.30;23.0;912.41
47.30;23.5;939.23
56.76;0.0;0.16
56.76;0.25;2.74
56.76;0.5;5.88
56.76;0.75;9.37
56.76;1.0;13.13
56.76;1.5;21.31
56.76;2.0;30.23
56.76;2.5;39.79
56.76;3.0;49.99
56.76;3.5;60.81
56.76;4.0;72.30
56.76;4.5;84.55
56.76;5.0;97.65
56.76;5.5;111.69
56.76;6.0;126.78
56.76;6.5;143.05
56.76;7.0;160.59
56.76;7.5;179.44
56.76;8.0;199.62
56.76;8.5;221.06
56.76;9.0;243.63
56.76;9.5;267.18
56.76;10.0;291.53
56.76;10.5;316.52
56.76;11.0;342.03
56.76;11.5;367.93
56.76;12.0;394.15
56.76;12.5;420.60
56.76;13.0;447.23
56.76;13.5;473.97
56.76;14.0;500.77
56.76;14.5;527.59
56.76;15.0;554.41
56.76;15.5;581.24
56.76;16.0;608.06
56.76;16.5;634.88
56.76;17.0;661.71
56.76;17.5;688.53
56.76;18.0;715.35
56.76;18.5;742.18
56.76;19.0;769.00
56.76;19.5;795.82
56.76;20.0;822.64
56.76;20.5;849.47
56.76;21.0;876.29
56.76;21.5;903.11
56.76;22.0;929.94
56.76;22.5;956.76
56.76;23.0;983.58
56.76;23.5;1010.41
66.22;0.0;0.22
66.22;0.25;3.45
66.22;0.5;7.34
66.22;0.75;11.64
66.22;1.0;16.27
66.22;1.5;26.33
66.22;2.0;37.34
66.22;2.5;49.24
66.22;3.0;62.01
66.22;3.5;75.69
66.22;4.0;90.34
66.22;4.5;106.00
66.22;5.0;122.74
66.22;5.5;140.62
66.22;6.0;159.63
66.22;6.5;179.79
66.22;7.0;201.05
66.22;7.5;223.31
66.22;8.0;246.47
66.22;8.5;270.43
66.22;9.0;295.07
66.22;9.5;320.27
66.22;10.0;345.92
66.22;10.5;371.93
66.22;11.0;398.22
66.22;11.5;424.71
66.22;12.0;451.36
66.22;12.5;478.11
66.22;13.0;504.91
66.22;13.5;531.73
66.22;14.0;558.56
66.22;14.5;585.38
66.22;15.0;612.20
66.22;15.5;639.02
66.22;16.0;665.85
66.22;16.5;692.67
66.22;17.0;719.49
66.22;17.5;746.32
66.22;18.0;773.14
66.22;18.5;799.96
66.22;19.0;826.79
66.22;19.5;853.61
66.22;20.0;880.43
66.22;20.5;907.26
66.22;21.0;934.08
66.22;21.5;960.90
66.22;22.0;987.72
66.22;22.5;1014.55
66.22;23.0;1041.37
66.22;23.5;1068.19
75.68;0.0;0.29
75.68;0.25;4.28
75.68;0.5;8.99
75.68;0.75;14.17
75.68;1.0;19.74
75.68;1.5;31.87
75.68;2.0;45.18
75.68;2.5;59.62
75.68;3.0;75.18
75.68;3.5;91.86
75.68;4.0;109.65
75.68;4.5;128.56
75.68;5.0;148.55
75.68;5.5;169.59
75.68;6.0;191.61
75.68;6.5;214.50
75.68;7.0;238.15
75.68;7.5;262.47
75.68;8.0;287.36
75.68;8.5;312.73
75.68;9.0;338.49
75.68;9.5;364.58
75.68;10.0;390.93
75.68;10.5;417.47
75.68;11.0;444.14
75.68;11.5;470.90
75.68;12.0;497.70
75.68;12.5;524.53
75.68;13.0;551.35
75.68;13.5;578.17
75.68;14.0;605.00
75.68;14.5;631.82
75.68;15.0;658.64
75.68;15.5;685.46
75.68;16.0;712.29
75.68;16.5;739.11
75.68;17.0;765.93
75.68;17.5;792.76
75.68;18.0;819.58
75.68;18.5;846.40
75.68;19.0;873.23
75.68;19.5;900.05
75.68;20.0;926.87
75.68;20.5;953.69
75.68;21.0;980.52
75.68;21.5;1007.34
75.68;22.0;1034.16
75.68;22.5;1060.99
75.68;23.0;1087.81
75.68;23.5;1114.63
94.60;0.0;0.46
94.60;0.25;6.30
94.60;0.5;12.95
94.60;0.75;20.18
94.60;1.0;27.91
94.60;1.5;44.65
94.60;2.0;62.88
94.60;2.5;82.42
94.60;3.0;103.13
94.60;3.5;124.90
94.60;4.0;147.61
94.60;4.5;171.14
94.60;5.0;195.34
94.60;5.5;220.09
94.60;6.0;245.31
94.60;6.5;270.93
94.60;7.0;296.87
94.60;7.5;323.07
94.60;8.0;349.50
94.60;8.5;376.08
94.60;9.0;402.79
94.60;9.5;429.57
94.60;10.0;456.39
94.60;10.5;483.21
94.60;11.0;510.03
94.60;11.5;536.86
94.60;12.0;563.68
94.60;12.5;590.50
94.60;13.0;617.32
94.60;13.5;644.15
94.60;14.0;670.97
94.60;14.5;697.79
94.60;15.0;724.62
94.60;15.5;751.44
94.60;16.0;778.26
94.60;16.5;805.09
94.60;17.0;831.91
94.60;17.5;858.73
94.60;18.0;885.55
94.60;18.5;912.38
94.60;19.0;939.20
94.60;19.5;966.02
94.60;20.0;992.85
94.60;20.5;1019.67
94.60;21.0;1046.49
94.60;21.5;1073.32
94.60;22.0;1100.14
94.60;22.5;1126.96
94.60;23.0;1153.78
94.60;23.5;1180.61
113.52;0.0;0.67
113.52;0.25;8.91
113.52;0.5;17.95
113.52;0.75;27.52
113.52;1.0;37.53
113.52;1.5;58.63
113.52;2.0;80.91
113.52;2.5;104.14
113.52;3.0;128.13
113.52;3.5;152.76
113.52;4.0;177.92
113.52;4.5;203.50
113.52;5.0;229.45
113.52;5.5;255.68
113.52;6.0;282.13
113.52;6.5;308.75
113.52;7.0;335.49
113.52;7.5;362.30
113.52;8.0;389.12
113.52;8.5;415.94
113.52;9.0;442.76
113.52;9.5;469.59
113.52;10.0;496.41
113.52;10.5;523.23
113.52;11.0;550.06
113.52;11.5;576.88
113.52;12.0;603.70
113.52;12.5;630.53
113.52;13.0;657.35
113.52;13.5;684.17
113.52;14.0;710.99
113.52;14.5;737.82
113.52;15.0;764.64
113.52;15.5;791.46
113.52;16.0;818.29
113.52;16.5;845.11
113.52;17.0;871.93
113.52;17.5;898.76
113.52;18.0;925.58
113.52;18.5;952.40
113.52;19.0;979.22
113.52;19.5;1006.05
113.52;20.0;1032.87
113.52;20.5;1059.69
113.52;21.0;1086.52
113.52;21.5;1113.34
113.52;22.0;1140.16
113.52;22.5;1166.99
113.52;23.0;1193.81
113.52;23.5;1220.63
132.44;0.0;0.90
132.44;0.25;11.29
132.44;0.5;22.22
132.44;0.75;33.52
132.44;1.0;45.09
132.44;1.5;68.92
132.44;2.0;93.48
132.44;2.5;118.62
132.44;3.0;144.21
132.44;3.5;170.17
132.44;4.0;196.42
132.44;4.5;222.90
132.44;5.0;249.53
132.44;5.5;276.28
132.44;6.0;303.09
132.44;6.5;329.91
132.44;7.0;356.74
132.44;7.5;383.56
132.44;8.0;410.38
132.44;8.5;437.21
132.44;9.0;464.03
132.44;9.5;490.85
132.44;10.0;517.68
132.44;10.5;544.50
132.44;11.0;571.32
132.44;11.5;598.14
132.44;12.0;624.97
132.44;12.5;651.79
132.44;13.0;678.61
132.44;13.5;705.44
132.44;14.0;732.26
132.44;14.5;759.08
132.44;15.0;785.91
132.44;15.5;812.73
132.44;16.0;839.55
132.44;16.5;866.37
132.44;17.0;893.20
132.44;17.5;920.02
132.44;18.0;946.84
132.44;18.5;973.67
132.44;19.0;1000.49
132.44;19.5;1027.31
132.44;20.0;1054.14
132.44;20.5;1080.96
132.44;21.0;1107.78
132.44;21.5;1134.60
132.44;22.0;1161.43
132.44;22.5;1188.25
132.44;23.0;1215.07
132.44;23.5;1241.90
151.36;0.0;0.99
151.36;0.25;12.18
151.36;0.5;23.75
151.36;0.75;35.58
151.36;1.0;47.62
151.36;1.5;72.21
151.36;2.0;97.34
151.36;2.5;122.92
151.36;3.0;148.86
151.36;3.5;175.10
151.36;4.0;201.56
151.36;4.5;228.20
151.36;5.0;254.95
151.36;5.5;281.76
151.36;6.0;308.58
151.36;6.5;335.41
151.36;7.0;362.23
151.36;7.5;389.05
151.36;8.0;415.88
151.36;8.5;442.70
151.36;9.0;469.52
151.36;9.5;496.35
151.36;10.0;523.17
151.36;10.5;549.99
151.36;11.0;576.81
151.36;11.5;603.64
151.36;12.0;630.46
151.36;12.5;657.28
151.36;13.0;684.11
151.36;13.5;710.93
151.36;14.0;737.75
151.36;14.5;764.58
151.36;15.0;791.40
151.36;15.5;818.22
151.36;16.0;845.04
151.36;16.5;871.87
151.36;17.0;898.69
151.36;17.5;925.51
151.36;18.0;952.34
151.36;18.5;979.16
151.36;19.0;1005.98
151.36;19.5;1032.81
151.36;20.0;1059.63
151.36;20.5;1086.45
151.36;21.0;1113.27
151.36;21.5;1140.10
151.36;22.0;1166.92
151.36;22.5;1193.74
151.36;23.0;1220.57
151.36;23.5;1247.39
170.28;0.0;0.99
170.28;0.25;12.18
170.28;0.5;23.75
170.28;0.75;35.58
170.28;1.0;47.62
170.28;1.5;72.20
170.28;2.0;97.34
170.28;2.5;122.92
170.28;3.0;148.86
170.28;3.5;175.09
170.28;4.0;201.56
170.28;4.5;228.20
170.28;5.0;254.95
170.28;5.5;281.76
170.28;6.0;308.58
170.28;6.5;335.41
170.28;7.0;362.23
170.28;7.5;389.05
170.28;8.0;415.88
170.28;8.5;442.70
170.28;9.0;469.52
170.28;9.5;496.34
170.28;10.0;523.17
170.28;10.5;549.99
170.28;11.0;576.81
170.28;11.5;603.64
170.28;12.0;630.46
170.28;12.5;657.28
170.28;13.0;684.10
170.28;13.5;710.93
170.28;14.0;737.75
170.28;14.5;764.57
170.28;15.0;791.40
170.28;15.5;818.22
170.28;16.0;845.04
170.28;16.5;871.87
170.28;17.0;898.69
170.28;17.5;925.51
170.28;18.0;952.33
170.28;18.5;979.16
170.28;19.0;1005.98
170.28;19.5;1032.80
170.28;20.0;1059.63
170.28;20.5;1086.45
170.28;21.0;1113.27
170.28;21.5;1140.10
170.28;22.0;1166.92
170.28;22.5;1193.74
170.28;23.0;1220.56
170.28;23.5;1247.39
189.20;0.0;0.99
189.20;0.25;12.18
189.20;0.5;23.75
189.20;0.75;35.58
189.20;1.0;47.62
189.20;1.5;72.20
189.20;2.0;97.34
189.20;2.5;122.92
189.20;3.0;148.86
189.20;3.5;175.09
189.20;4.0;201.56
189.20;4.5;228.20
189.20;5.0;254.95
189.20;5.5;281.76
189.20;6.0;308.58
189.20;6.5;335.41
189.20;7.0;362.23
189.20;7.5;389.05
189.20;8.0;415.88
189.20;8.5;442.70
189.20;9.0;469.52
189.20;9.5;496.34
189.20;10.0;523.17
189.20;10.5;549.99
189.20;11.0;576.81
189.20;11.5;603.64
189.20;12.0;630.46
189.20;12.5;657.28
189.20;13.0;684.10
189.20;13.5;710.93
189.20;14.0;737.75
189.20;14.5;764.57
189.20;15.0;791.40
189.20;15.5;818.22
189.20;16.0;845.04
189.20;16.5;871.87
189.20;17.0;898.69
189.20;17.5;925.51
189.20;18.0;952.33
189.20;18.5;979.16
189.20;19.0;1005.98
189.20;19.5;1032.80
189.20;20.0;1059.63
189.20;20.5;1086.45
189.20;21.0;1113.27
189.20;21.5;1140.10
189.20;22.0;1166.92
189.20;22.5;1193.74
189.20;23.0;1220.56
189.20;23.5;1247.39
208.12;0.0;0.98
208.12;0.25;12.12
208.12;0.5;23.70
208.12;0.75;35.56
208.12;1.0;47.64
208.12;1.5;72.32
208.12;2.0;97.56
208.12;2.5;123.22
208.12;3.0;149.23
208.12;3.5;175.51
208.12;4.0;202.01
208.12;4.5;228.66
208.12;5.0;255.41
208.12;5.5;282.21
208.12;6.0;309.03
208.12;6.5;335.86
208.12;7.0;362.68
208.12;7.5;389.50
208.12;8.0;416.33
208.12;8.5;443.15
208.12;9.0;469.97
208.12;9.5;496.80
208.12;10.0;523.62
208.12;10.5;550.44
208.12;11.0;577.26
208.12;11.5;604.09
208.12;12.0;630.91
208.12;12.5;657.73
208.12;13.0;684.56
208.12;13.5;711.38
208.12;14.0;738.20
208.12;14.5;765.03
208.12;15.0;791.85
208.12;15.5;818.67
208.12;16.0;845.49
208.12;16.5;872.32
208.12;17.0;899.14
208.12;17.5;925.96
208.12;18.0;952.79
208.12;18.5;979.61
208.12;19.0;1006.43
208.12;19.5;1033.26
208.12;20.0;1060.08
208.12;20.5;1086.90
208.12;21.0;1113.72
208.12;21.5;1140.55
208.12;22.0;1167.37
208.12;22.5;1194.19
208.12;23.0;1221.02
208.12;23.5;1247.84
227.04;0.0;0.88
227.04;0.25;11.01
227.04;0.5;21.67
227.04;0.75;32.68
227.04;1.0;43.99
227.04;1.5;67.29
227.04;2.0;91.35
227.04;2.5;116.04
227.04;3.0;141.24
227.04;3.5;166.87
227.04;4.0;192.85
227.04;4.5;219.10
227.04;5.0;245.57
227.04;5.5;272.19
227.04;6.0;298.93
227.04;6.5;325.73
227.04;7.0;352.55
227.04;7.5;379.37
227.04;8.0;406.19
227.04;8.5;433.02
227.04;9.0;459.84
227.04;9.5;486.66
227.04;10.0;513.49
227.04;10.5;540.31
227.04;11.0;567.13
227.04;11.5;593.96
227.04;12.0;620.78
227.04;12.5;647.60
227.04;13.0;674.42
227.04;13.5;701.25
227.04;14.0;728.07
227.04;14.5;754.89
227.04;15.0;781.72
227.04;15.5;808.54
227.04;16.0;835.36
227.04;16.5;862.19
227.04;17.0;889.01
227.04;17.5;915.83
227.04;18.0;942.65
227.04;18.5;969.48
227.04;19.0;996.30
227.04;19.5;1023.12
227.04;20.0;1049.95
227.04;20.5;1076.77
227.04;21.0;1103.59
227.04;21.5;1130.42
227.04;22.0;1157.24
227.04;22.5;1184.06
227.04;23.0;1210.88
227.04;23.5;1237.71
245.96;0.0;0.69
245.96;0.25;9.04
245.96;0.5;18.11
245.96;0.75;27.65
245.96;1.0;37.57
245.96;1.5;58.35
245.96;2.0;80.17
245.96;2.5;102.83
245.96;3.0;126.22
245.96;3.5;150.24
245.96;4.0;174.79
245.96;4.5;199.80
245.96;5.0;225.20
245.96;5.5;250.94
245.96;6.0;276.97
245.96;6.5;303.23
245.96;7.0;329.67
245.96;7.5;356.27
245.96;8.0;382.97
245.96;8.5;409.74
245.96;9.0;436.56
245.96;9.5;463.38
245.96;10.0;490.20
245.96;10.5;517.02
245.96;11.0;543.85
245.96;11.5;570.67
245.96;12.0;597.49
245.96;12.5;624.32
245.96;13.0;651.14
245.96;13.5;677.96
245.96;14.0;704.78
245.96;14.5;731.61
245.96;15.0;758.43
245.96;15.5;785.25
245.96;16.0;812.08
245.96;16.5;838.90
245.96;17.0;865.72
245.96;17.5;892.55
245.96;18.0;919.37
245.96;18.5;946.19
245.96;19.0;973.01
245.96;19.5;999.84
245.96;20.0;1026.66
245.96;20.5;1053.48
245.96;21.0;1080.31
245.96;21.5;1107.13
245.96;22.0;1133.95
245.96;22.5;1160.78
245.96;23.0;1187.60
245.96;23.5;1214.42
264.88;0.0;0.47
264.88;0.25;6.60
264.88;0.5;13.60
264.88;0.75;21.16
264.88;1.0;29.16
264.88;1.5;46.27
264.88;2.0;64.60
264.88;2.5;83.96
264.88;3.0;104.25
264.88;3.5;125.35
264.88;4.0;147.20
264.88;4.5;169.73
264.88;5.0;192.85
264.88;5.5;216.53
264.88;6.0;240.69
264.88;6.5;265.28
264.88;7.0;290.26
264.88;7.5;315.59
264.88;8.0;341.22
264.88;8.5;367.12
264.88;9.0;393.25
264.88;9.5;419.57
264.88;10.0;446.05
264.88;10.5;472.65
264.88;11.0;499.35
264.88;11.5;526.11
264.88;12.0;552.91
264.88;12.5;579.73
264.88;13.0;606.56
264.88;13.5;633.38
264.88;14.0;660.20
264.88;14.5;687.03
264.88;15.0;713.85
264.88;15.5;740.67
264.88;16.0;767.49
264.88;16.5;794.32
264.88;17.0;821.14
264.88;17.5;847.96
264.88;18.0;874.79
264.88;18.5;901.61
264.88;19.0;928.43
264.88;19.5;955.26
264.88;20.0;982.08
264.88;20.5;1008.90
264.88;21.0;1035.72
264.88;21.5;1062.55
264.88;22.0;1089.37
264.88;22.5;1116.19
264.88;23.0;1143.02
264.88;23.5;1169.84
283.80;0.0;0.26
283.80;0.25;4.16
283.80;0.5;8.93
283.80;0.75;14.29
283.80;1.0;20.10
283.80;1.5;32.86
283.80;2.0;46.87
283.80;2.5;61.97
283.80;3.0;78.04
283.80;3.5;95.00
283.80;4.0;112.81
283.80;4.5;131.40
283.80;5.0;150.74
283.80;5.5;170.80
283.80;6.0;191.53
283.80;6.5;212.90
283.80;7.0;234.87
283.80;7.5;257.42
283.80;8.0;280.48
283.80;8.5;304.03
283.80;9.0;328.02
283.80;9.5;352.43
283.80;10.0;377.21
283.80;10.5;402.33
283.80;11.0;427.76
283.80;11.5;453.46
283.80;12.0;479.40
283.80;12.5;505.55
283.80;13.0;531.88
283.80;13.5;558.36
283.80;14.0;584.95
283.80;14.5;611.64
283.80;15.0;638.39
283.80;15.5;665.19
283.80;16.0;692.00
283.80;16.5;718.83
283.80;17.0;745.65
283.80;17.5;772.47
283.80;18.0;799.29
283.80;18.5;826.12
283.80;19.0;852.94
283.80;19.5;879.76
283.80;20.0;906.59
283.80;20.5;933.41
283.80;21.0;960.23
283.80;21.5;987.06
283.80;22.0;1013.88
283.80;22.5;1040.70
283.80;23.0;1067.52
283.80;23.5;1094.35
302.72;0.0;0.12
302.72;0.25;2.39
302.72;0.5;5.42
302.72;0.75;8.94
302.72;1.0;12.88
302.72;1.5;21.74
302.72;2.0;31.73
302.72;2.5;42.66
302.72;3.0;54.45
302.72;3.5;67.04
302.72;4.0;80.38
302.72;4.5;94.44
302.72;5.0;109.20
302.72;5.5;124.65
302.72;6.0;140.76
302.72;6.5;157.53
302.72;7.0;174.93
302.72;7.5;192.97
302.72;8.0;211.65
302.72;8.5;230.93
302.72;9.0;250.81
302.72;9.5;271.29
302.72;10.0;292.33
302.72;10.5;313.93
302.72;11.0;336.06
302.72;11.5;358.70
302.72;12.0;381.81
302.72;12.5;405.38
302.72;13.0;429.38
302.72;13.5;453.76
302.72;14.0;478.52
302.72;14.5;503.61
302.72;15.0;529.00
302.72;15.5;554.68
302.72;16.0;580.59
302.72;16.5;606.73
302.72;17.0;633.05
302.72;17.5;659.53
302.72;18.0;686.13
302.72;18.5;712.84
302.72;19.0;739.61
302.72;19.5;766.42
302.72;20.0;793.24
302.72;20.5;820.06
302.72;21.0;846.88
302.72;21.5;873.71
302.72;22.0;900.53
302.72;22.5;927.35
302.72;23.0;954.17
302.72;23.5;981.00
312.18;0.0;0.09
312.18;0.25;1.83
312.18;0.5;4.22
312.18;0.75;7.06
312.18;1.0;10.26
312.18;1.5;17.54
312.18;2.0;25.80
312.18;2.5;34.91
312.18;3.0;44.78
312.18;3.5;55.34
312.18;4.0;66.58
312.18;4.5;78.46
312.18;5.0;90.95
312.18;5.5;104.07
312.18;6.0;117.79
312.18;6.5;132.10
312.18;7.0;147.00
312.18;7.5;162.48
312.18;8.0;178.56
312.18;8.5;195.23
312.18;9.0;212.48
312.18;9.5;230.32
312.18;10.0;248.75
312.18;10.5;267.76
312.18;11.0;287.36
312.18;11.5;307.53
312.18;12.0;328.26
312.18;12.5;349.54
312.18;13.0;371.35
312.18;13.5;393.67
312.18;14.0;416.48
312.18;14.5;439.76
312.18;15.0;463.50
312.18;15.5;487.67
312.18;16.0;512.24
312.18;16.5;537.18
312.18;17.0;562.47
312.18;17.5;588.05
312.18;18.0;613.90
312.18;18.5;640.00
312.18;19.0;666.30
312.18;19.5;692.79
312.18;20.0;719.42
312.18;20.5;746.14
312.18;21.0;772.92
312.18;21.5;799.73
312.18;22.0;826.55
312.18;22.5;853.38
312.18;23.0;880.20
312.18;23.5;907.02
321.64;0.0;0.07
321.64;0.25;1.42
321.64;0.5;3.33
321.64;0.75;5.63
321.64;1.0;8.23
321.64;1.5;14.18
321.64;2.0;20.97
321.64;2.5;28.47
321.64;3.0;36.62
321.64;3.5;45.35
321.64;4.0;54.64
321.64;4.5;64.46
321.64;5.0;74.80
321.64;5.5;85.66
321.64;6.0;97.02
321.64;6.5;108.88
321.64;7.0;121.25
321.64;7.5;134.12
321.64;8.0;147.49
321.64;8.5;161.36
321.64;9.0;175.75
321.64;9.5;190.66
321.64;10.0;206.11
321.64;10.5;222.10
321.64;11.0;238.64
321.64;11.5;255.75
321.64;12.0;273.44
321.64;12.5;291.71
321.64;13.0;310.55
321.64;13.5;329.96
321.64;14.0;349.95
321.64;14.5;370.51
321.64;15.0;391.63
321.64;15.5;413.31
321.64;16.0;435.53
321.64;16.5;458.28
321.64;17.0;481.52
321.64;17.5;505.24
321.64;18.0;529.41
321.64;18.5;554.00
321.64;19.0;578.98
321.64;19.5;604.32
321.64;20.0;629.97
321.64;20.5;655.92
321.64;21.0;682.10
321.64;21.5;708.49
321.64;22.0;735.06
321.64;22.5;761.76
321.64;23.0;788.54
321.64;23.5;815.36
331.10;0.0;0.05
331.10;0.25;1.09
331.10;0.5;2.63
331.10;0.75;4.49
331.10;1.0;6.60
331.10;1.5;11.46
331.10;2.0;17.03
331.10;2.5;23.16
331.10;3.0;29.80
331.10;3.5;36.90
331.10;4.0;44.42
331.10;4.5;52.35
331.10;5.0;60.66
331.10;5.5;69.36
331.10;6.0;78.45
331.10;6.5;87.91
331.10;7.0;97.76
331.10;7.5;107.99
331.10;8.0;118.61
331.10;8.5;129.64
331.10;9.0;141.08
331.10;9.5;152.94
331.10;10.0;165.23
331.10;10.5;177.98
331.10;11.0;191.19
331.10;11.5;204.88
331.10;12.0;219.07
331.10;12.5;233.79
331.10;13.0;249.04
331.10;13.5;264.83
331.10;14.0;281.19
331.10;14.5;298.12
331.10;15.0;315.64
331.10;15.5;333.75
331.10;16.0;352.47
331.10;16.5;371.80
331.10;17.0;391.73
331.10;17.5;412.28
331.10;18.0;433.42
331.10;18.5;455.16
331.10;19.0;477.47
331.10;19.5;500.34
331.10;20.0;523.74
331.10;20.5;547.64
331.10;21.0;572.01
331.10;21.5;596.83
331.10;22.0;622.06
331.10;22.5;647.67
331.10;23.0;673.63
331.10;23.5;699.88
340.56;0.0;0.03
340.56;0.25;0.84
340.56;0.5;2.07
340.56;0.75;3.57
340.56;1.0;5.29
340.56;1.5;9.27
340.56;2.0;13.81
340.56;2.5;18.81
340.56;3.0;24.19
340.56;3.5;29.92
340.56;4.0;35.95
340.56;4.5;42.26
340.56;5.0;48.84
340.56;5.5;55.67
340.56;6.0;62.76
340.56;6.5;70.08
340.56;7.0;77.66
340.56;7.5;85.49
340.56;8.0;93.56
340.56;8.5;101.91
340.56;9.0;110.53
340.56;9.5;119.44
340.56;10.0;128.65
340.56;10.5;138.18
340.56;11.0;148.03
340.56;11.5;158.24
340.56;12.0;168.82
340.56;12.5;179.78
340.56;13.0;191.14
340.56;13.5;202.94
340.56;14.0;215.18
340.56;14.5;227.88
340.56;15.0;241.09
340.56;15.5;254.80
340.56;16.0;269.06
340.56;16.5;283.88
340.56;17.0;299.29
340.56;17.5;315.31
340.56;18.0;331.97
340.56;18.5;349.29
340.56;19.0;367.28
340.56;19.5;385.96
340.56;20.0;405.34
340.56;20.5;425.42
340.56;21.0;446.20
340.56;21.5;467.66
340.56;22.0;489.80
340.56;22.5;512.60
340.56;23.0;536.03
340.56;23.5;560.05
350.02;0.0;0.02
350.02;0.25;0.52
350.02;0.5;1.19
350.02;0.75;1.98
350.02;1.0;2.87
350.02;1.5;4.85
350.02;2.0;7.07
350.02;2.5;10.57
350.02;3.0;14.94
350.02;3.5;19.58
350.02;4.0;24.44
350.02;4.5;29.48
350.02;5.0;34.70
350.02;5.5;40.07
350.02;6.0;45.57
350.02;6.5;51.20
350.02;7.0;56.94
350.02;7.5;62.80
350.02;8.0;68.77
350.02;8.5;74.86
350.02;9.0;81.08
350.02;9.5;87.42
350.02;10.0;93.90
350.02;10.5;100.54
350.02;11.0;107.33
350.02;11.5;114.30
350.02;12.0;121.46
350.02;12.5;128.84
350.02;13.0;136.46
350.02;13.5;144.36
350.02;14.0;152.54
350.02;14.5;161.04
350.02;15.0;169.89
350.02;15.5;179.11
350.02;16.0;188.74
350.02;16.5;198.80
350.02;17.0;209.33
350.02;17.5;220.37
350.02;18.0;231.94
350.02;18.5;244.08
350.02;19.0;256.84
350.02;19.5;270.26
350.02;20.0;284.37
350.02;20.5;299.22
350.02;21.0;314.84
350.02;21.5;331.25
350.02;22.0;348.47
350.02;22.5;366.51
350.02;23.0;385.37
350.02;23.5;405.03
359.48;0.0;0.01
359.48;0.25;0.45
359.48;0.5;1.18
359.48;0.75;2.10
359.48;1.0;3.18
359.48;1.5;5.71
359.48;2.0;8.66
359.48;2.5;11.95
359.48;3.0;15.51
359.48;3.5;19.30
359.48;4.0;23.28
359.48;4.5;27.41
359.48;5.0;31.67
359.48;5.5;36.01
359.48;6.0;40.43
359.48;6.5;44.90
359.48;7.0;49.40
359.48;7.5;53.91
359.48;8.0;58.42
359.48;8.5;62.92
359.48;9.0;67.40
359.48;9.5;71.85
359.48;10.0;76.26
359.48;10.5;80.64
359.48;11.0;84.99
359.48;11.5;89.32
359.48;12.0;93.66
359.48;12.5;98.03
359.48;13.0;102.44
359.48;13.5;106.93
359.48;14.0;111.54
359.48;14.5;116.29
359.48;15.0;121.23
359.48;15.5;126.39
359.48;16.0;131.82
359.48;16.5;137.55
359.48;17.0;143.62
359.48;17.5;150.09
359.48;18.0;156.99
359.48;18.5;164.37
359.48;19.0;172.27
359.48;19.5;180.76
359.48;20.0;189.87
359.48;20.5;199.65
359.48;21.0;210.16
359.48;21.5;221.42
359.48;22.0;233.46
359.48;22.5;246.31
359.48;23.0;259.97
359.48;23.5;274.46
368.94;0.0;0.00
368.94;0.25;0.00
368.94;0.5;0.22
368.94;0.75;0.72
368.94;1.0;1.39
368.94;1.5;3.15
368.94;2.0;5.35
368.94;2.5;7.90
368.94;3.0;10.75
368.94;3.5;13.84
368.94;4.0;17.13
368.94;4.5;20.59
368.94;5.0;24.17
368.94;5.5;27.85
368.94;6.0;31.60
368.94;6.5;35.39
368.94;7.0;39.19
368.94;7.5;42.98
368.94;8.0;46.75
368.94;8.5;50.46
368.94;9.0;54.10
368.94;9.5;57.64
368.94;10.0;61.06
368.94;10.5;64.33
368.94;11.0;67.42
368.94;11.5;70.28
368.94;12.0;72.88
368.94;12.5;75.20
368.94;13.0;77.26
368.94;13.5;79.17
368.94;14.0;80.99
368.94;14.5;82.79
368.94;15.0;84.64
368.94;15.5;86.59
368.94;16.0;88.70
368.94;16.5;91.01
368.94;17.0;93.58
368.94;17.5;96.43
368.94;18.0;99.62
368.94;18.5;103.18
368.94;19.0;107.15
368.94;19.5;111.57
368.94;20.0;116.49
368.94;20.5;121.95
368.94;21.0;127.99
368.94;21.5;134.65
368.94;22.0;141.94
368.94;22.5;149.91
368.94;23.0;158.56
368.94;23.5;167.95
378.40;0.0;0.00
378.40;0.25;0.00
378.40;0.5;0.00
378.40;0.75;0.00
378.40;1.0;0.00
378.40;1.5;0.00
378.40;2.0;0.03
378.40;2.5;0.88
378.40;3.0;2.41
378.40;3.5;4.38
378.40;4.0;6.70
378.40;4.5;9.31
378.40;5.0;12.16
378.40;5.5;15.20
378.40;6.0;18.39
378.40;6.5;21.70
378.40;7.0;25.10
378.40;7.5;28.57
378.40;8.0;32.08
378.40;8.5;35.58
378.40;9.0;39.06
378.40;9.5;42.47
378.40;10.0;45.77
378.40;10.5;48.93
378.40;11.0;51.89
378.40;11.5;54.58
378.40;12.0;56.91
378.40;12.5;58.75
378.40;13.0;59.71
378.40;13.5;59.84
378.40;14.0;59.85
378.40;14.5;59.86
378.40;15.0;59.87
378.40;15.5;59.90
378.40;16.0;59.98
378.40;16.5;60.14
378.40;17.0;60.40
378.40;17.5;60.78
378.40;18.0;61.32
378.40;18.5;62.04
378.40;19.0;62.99
378.40;19.5;64.18
378.40;20.0;65.66
378.40;20.5;67.45
378.40;21.0;69.58
378.40;21.5;72.08
378.40;22.0;74.99
378.40;22.5;78.32
378.40;23.0;82.12
378.40;23.5;86.40
383.15;0.0;0.00
383.15;0.25;0.00
383.15;0.5;0.00
383.15;0.75;0.00
383.15;1.0;0.00
383.15;1.5;0.00
383.15;2.0;0.00
383.15;2.5;0.00
383.15;3.0;0.00
383.15;3.5;0.00
383.15;4.0;0.32
383.15;4.5;0.95
383.15;5.0;2.10
383.15;5.5;4.04
383.15;6.0;6.44
383.15;6.5;9.14
383.15;7.0;12.00
383.15;7.5;15.03
383.15;8.0;18.17
383.15;8.5;21.40
383.15;9.0;24.67
383.15;9.5;27.95
383.15;10.0;31.17
383.15;10.5;34.29
383.15;11.0;37.25
383.15;11.5;39.97
383.15;12.0;42.39
383.15;12.5;44.36
383.15;13.0;45.63
383.15;13.5;45.71
383.15;14.0;45.71
383.15;14.5;45.71
383.15;15.0;45.71
383.15;15.5;45.71
383.15;16.0;45.71
383.15;16.5;45.71
383.15;17.0;45.71
383.15;17.5;45.71
383.15;18.0;45.71
383.15;18.5;45.71
383.15;19.0;45.71
383.15;19.5;45.71
383.15;20.0;45.71
383.15;20.5;45.71
383.15;21.0;45.71
383.15;21.5;45.71
383.15;22.0;45.72
383.15;22.5;45.91
383.15;23.0;46.30
383.15;23.5;46.90
387.90;0.0;0.00
387.90;0.25;0.00
387.90;0.5;0.00
387.90;0.75;0.00
387.90;1.0;0.00
387.90;1.5;0.00
387.90;2.0;0.00
387.90;2.5;0.00
387.90;3.0;0.00
387.90;3.5;0.00
387.90;4.0;0.00
387.90;4.5;0.00
387.90;5.0;0.00
387.90;5.5;0.00
387.90;6.0;0.00
387.90;6.5;0.00
387.90;7.0;0.00
387.90;7.5;0.00
387.90;8.0;0.00
387.90;8.5;0.00
387.90;9.0;0.00
387.90;9.5;0.00
387.90;10.0;0.01
387.90;10.5;0.03
387.90;11.0;0.03
387.90;11.5;0.03
387.90;12.0;0.03
387.90;12.5;0.03
387.90;13.0;0.04
387.90;13.5;0.04
387.90;14.0;0.04
387.90;14.5;0.04
387.90;15.0;0.04
387.90;15.5;0.04
387.90;16.0;0.04
387.90;16.5;0.04
387.90;17.0;0.04
387.90;17.5;0.04
387.90;18.0;0.04
387.90;18.5;0.04
387.90;19.0;0.04
387.90;19.5;0.04
387.90;20.0;0.04
387.90;20.5;0.04
387.90;21.0;0.04
387.90;21.5;0.04
387.90;22.0;0.04
387.90;22.5;0.04
387.90;23.0;0.04
387.90;23.5;0.04
